Line,Total_Transfer_Capacity,Start_Transfer_Capacity,Change_in_Transfer_Capacity
1,4881.455123375603,3702.0,1179.4551233756029
2,6766.200573375603,5529.0,1237.2005733756032
