Line,Total_Transfer_Capacity,Start_Transfer_Capacity,Change_in_Transfer_Capacity
1,6026.14187,3702.0,2324.1418700000004
2,9165.42827,5529.0,3636.4282700000003
