Total_Costs,Fixed_Costs_Generation,Fixed_Costs_Storage,Fixed_Costs_Transmission,Variable_Costs,NSE_Costs
14161.937794239338,5191.474138379289,0.0,119.71976551163098,8821.281199303092,29.462691043934793
