Line,Total_Transfer_Capacity,Start_Transfer_Capacity,Change_in_Transfer_Capacity
1,5389.798959999999,3702.0,1687.7989599999992
2,7976.8357,5529.0,2447.8356999999996
