Line,Total_Transfer_Capacity,Start_Transfer_Capacity,Change_in_Transfer_Capacity
1,6037.309142266144,3702.0,2335.3091422661437
2,8778.650492266144,5529.0,3249.6504922661443
