Total_Costs,Fixed_Costs_Generation,Fixed_Costs_Storage,Fixed_Costs_Transmission,Variable_Costs,NSE_Costs
14227.888980392017,5186.520689370691,0.0,132.3529610787636,8884.402280893615,24.61304904873291
