Line,Total_Transfer_Capacity,Start_Transfer_Capacity,Change_in_Transfer_Capacity
1,5655.984473692971,3702.0,1953.9844736929708
2,8209.96493,5529.0,2680.96493
